<!-- list of default components for the visual builder component library -->
<PaletteNodes xmlns:xsi="http://www.w3.org/2001/XMLSchema-instance">

<PaletteNode>
    <title>&lt;b&gt;ListGrid&lt;/b&gt;</title>
    <className>ListGrid</className>
    <icon>ListGrid.png</icon>
    <showDropIcon>true</showDropIcon>
    <children>
        <PaletteNode>
            <title>ListGridField</title>
            <className>ListGridField</className>
            <icon>text.gif</icon>
            <iconSize>18</iconSize>
            <showDropIcon>true</showDropIcon>
        </PaletteNode>
    </children>
</PaletteNode>

<PaletteNode>
    <title>&lt;b&gt;Editable ListGrid&lt;/b&gt;</title>
    <className>ListGrid</className>
    <icon>ListGrid.png</icon>
    <showDropIcon>true</showDropIcon>
    <defaults xsi:type="ListGrid">
        <showFilterEditor>true</showFilterEditor>
        <canEdit>true</canEdit>
        <canRemoveRecords>true</canRemoveRecords>
        <listEndEditAction>next</listEndEditAction>
    </defaults>
</PaletteNode>

<PaletteNode>
    <title>&lt;b&gt;TreeGrid&lt;/b&gt;</title>
    <className>TreeGrid</className>
    <icon>TreeGrid.png</icon>
    <showDropIcon>true</showDropIcon>
    <children>
        <PaletteNode>
            <title>TreeGridField</title>
            <className>TreeGridField</className>
            <icon>text.gif</icon>
            <iconSize>18</iconSize>
            <showDropIcon>true</showDropIcon>
        </PaletteNode>
    </children>
</PaletteNode>

<PaletteNode>
    <title>&lt;b&gt;TileGrid&lt;/b&gt;</title>
    <className>TileGrid</className>
    <icon>DetailViewer.png</icon>
    <showDropIcon>true</showDropIcon>
    <children>
        <PaletteNode>
            <title>TileGridField</title>
            <className>TileGridField</className>
            <icon>text.gif</icon>
            <iconSize>18</iconSize>
            <showDropIcon>true</showDropIcon>
        </PaletteNode>
    </children>
</PaletteNode>

<PaletteNode>
    <title>&lt;b&gt;DetailViewer&lt;/b&gt;</title>
    <className>DetailViewer</className>
    <icon>DetailViewer.png</icon>
    <showDropIcon>true</showDropIcon>
    <children>
        <PaletteNode>
            <title>DetailViewerField</title>
            <className>DetailViewerField</className>
            <icon>text.gif</icon>
            <iconSize>18</iconSize>
            <showDropIcon>true</showDropIcon>
        </PaletteNode>
    </children>
</PaletteNode>

<PaletteNode>
    <title>&lt;b&gt;TabSet&lt;/b&gt;</title>
    <children>
        <PaletteNode>
            <title>Tab</title>
            <className>Tab</className>
            <icon>Tab.png</icon>
            <showDropIcon>true</showDropIcon>
        </PaletteNode>
    </children>
    <className>TabSet</className>
    <defaults>
    	<destroyPanes xsi:type="boolean">false</destroyPanes>
    </defaults>
    <icon>TabSet.png</icon>
    <showDropIcon>true</showDropIcon>
</PaletteNode>

<PaletteNode>
    <title>&lt;b&gt;SectionStack&lt;/b&gt;</title>
    <children>
        <PaletteNode>
            <title>Section</title>
            <className>SectionStackSection</className>
            <icon>SectionStackSection.png</icon>
            <showDropIcon>true</showDropIcon>
            <defaults>
            	<autoShow>true</autoShow>
            </defaults>
        </PaletteNode>
    </children>
    <className>SectionStack</className>
    <icon>SectionStack.png</icon>
    <showDropIcon>true</showDropIcon>
    <defaults>
    	<visibilityMode>multiple</visibilityMode>
    </defaults>
</PaletteNode>

<PaletteNode>
    <title>&lt;b&gt;VLayout&lt;/b&gt;</title>
    <className>VLayout</className>
    <icon>VLayout.png</icon>
    <showDropIcon>true</showDropIcon>
</PaletteNode>

<PaletteNode>
    <title>&lt;b&gt;HLayout&lt;/b&gt;</title>
    <className>HLayout</className>
    <icon>HLayout.png</icon>
    <showDropIcon>true</showDropIcon>
</PaletteNode>

<PaletteNode>
    <title>&lt;b&gt;LayoutSpacer&lt;/b&gt;</title>
    <className>LayoutSpacer</className>
    <icon>LayoutSpacer.png</icon>
</PaletteNode>

<PaletteNode>
    <title>&lt;b&gt;TileLayout&lt;/b&gt;</title>
    <className>TileLayout</className>
    <icon>ListGrid.png</icon>
    <showDropIcon>true</showDropIcon>
</PaletteNode>

<PaletteNode>
    <title>&lt;b&gt;FlowLayout&lt;/b&gt;</title>
    <className>FlowLayout</className>
    <icon>toolbar.gif</icon>
    <iconSize>18</iconSize>
</PaletteNode>

<PaletteNode>
    <title>&lt;b&gt;Button&lt;/b&gt;</title>
    <className>IButton</className>
    <icon>button.gif</icon>
</PaletteNode>

<PaletteNode>
    <title>&lt;b&gt;DynamicForm&lt;/b&gt;</title>
    <children>
        <PaletteNode>
            <title>Section</title>
            <className>SectionItem</className>
            <icon>SectionItem.png</icon>
            <showDropIcon>true</showDropIcon>
        </PaletteNode>
        <PaletteNode>
            <title>&lt;b&gt;Text&lt;/b&gt;</title>
            <children>
                <PaletteNode>
                    <title>text</title>
                    <className>TextItem</className>
                    <icon>text.gif</icon>
                    <iconSize>18</iconSize>
                </PaletteNode>
                <PaletteNode>
                    <title>password</title>
                    <className>PasswordItem</className>
                    <icon>password.gif</icon>
                    <iconSize>18</iconSize>
                </PaletteNode>
                <PaletteNode>
                    <title>upload</title>
                    <className>UploadItem</className>
                    <icon>upload.gif</icon>
                    <iconSize>18</iconSize>
                </PaletteNode>
                <PaletteNode>
                    <title>textArea</title>
                    <className>TextAreaItem</className>
                    <icon>textArea.gif</icon>
                    <iconSize>18</iconSize>
                </PaletteNode>
                <PaletteNode>
                    <title>hidden</title>
                    <className>HiddenItem</className>
                    <icon>hidden.gif</icon>
                    <iconSize>18</iconSize>
                </PaletteNode>
                <PaletteNode>
                    <title>staticText</title>
                    <className>StaticTextItem</className>
                    <icon>staticText.gif</icon>
                    <iconSize>18</iconSize>
                </PaletteNode>
            </children>
            <className>TextItem</className>
            <icon>text.gif</icon>
            <iconSize>18</iconSize>
        </PaletteNode>
        <PaletteNode>
            <title>&lt;b&gt;Choosers&lt;/b&gt;</title>
            <children>
                <PaletteNode>
                    <title>checkbox</title>
                    <className>CheckboxItem</className>
                    <icon>checkbox.gif</icon>
                    <iconSize>18</iconSize>
                </PaletteNode>
                <PaletteNode>
                    <title>radioGroup</title>
                    <className>RadioGroupItem</className>
                    <icon>radioGroup.gif</icon>
                    <iconSize>18</iconSize>
                </PaletteNode>
                <PaletteNode>
                    <title>select</title>
                    <className>SelectItem</className>
                    <icon>select.gif</icon>
                    <iconSize>18</iconSize>
                </PaletteNode>
                <PaletteNode>
                    <title>selectOther</title>
                    <className>SelectOtherItem</className>
                    <icon>selectOther.gif</icon>
                    <iconSize>18</iconSize>
                </PaletteNode>
                <PaletteNode>
                    <title>comboBox</title>
                    <className>ComboBoxItem</className>
                    <icon>comboBox.gif</icon>
                    <iconSize>18</iconSize>
                </PaletteNode>
                <PaletteNode>
                    <title>date</title>
                    <className>DateItem</className>
                    <icon>date.gif</icon>
                    <iconSize>18</iconSize>
                </PaletteNode>
                <PaletteNode>
                    <title>time</title>
                    <className>TimeItem</className>
                    <icon>time.gif</icon>
                    <iconSize>18</iconSize>
                </PaletteNode>
            </children>
            <className>SelectItem</className>
            <icon>select.gif</icon>
            <iconSize>18</iconSize>
        </PaletteNode>
        <PaletteNode>
            <title>&lt;b&gt;Buttons&lt;/b&gt;</title>
            <children>
                <PaletteNode>
                    <title>button</title>
                    <className>ButtonItem</className>
                    <icon>button.gif</icon>
                    <iconSize>18</iconSize>
                </PaletteNode>
                <PaletteNode>
                    <title>submit</title>
                    <className>SubmitItem</className>
                    <icon>submit.gif</icon>
                    <iconSize>18</iconSize>
                </PaletteNode>
                <PaletteNode>
                    <title>reset</title>
                    <className>ResetItem</className>
                    <icon>reset.gif</icon>
                    <iconSize>18</iconSize>
                </PaletteNode>
                <PaletteNode>
                    <title>toolbar</title>
                    <className>ToolbarItem</className>
                    <icon>toolbar.gif</icon>
                    <iconSize>18</iconSize>
                </PaletteNode>
            </children>
            <className>ButtonItem</className>
            <icon>button.gif</icon>
            <iconSize>18</iconSize>
        </PaletteNode>
        <PaletteNode>
            <title>&lt;b&gt;Display&lt;/b&gt;</title>
            <children>
                <PaletteNode>
                    <title>staticText</title>
                    <className>StaticTextItem</className>
                    <icon>staticText.gif</icon>
                    <iconSize>18</iconSize>
                </PaletteNode>
                <PaletteNode>
                    <title>blurb</title>
                    <className>BlurbItem</className>
                    <icon>blurb.gif</icon>
                    <iconSize>18</iconSize>
                </PaletteNode>
                <PaletteNode>
                    <title>header</title>
                    <className>HeaderItem</className>
                    <icon>header.gif</icon>
                    <iconSize>18</iconSize>
                </PaletteNode>
                <PaletteNode>
                    <title>rowSpacer</title>
                    <className>RowSpacerItem</className>
                    <icon>rowSpacer.gif</icon>
                    <iconSize>18</iconSize>
                </PaletteNode>
                <PaletteNode>
                    <title>spacer</title>
                    <className>SpacerItem</className>
                    <icon>spacer.gif</icon>
                    <iconSize>18</iconSize>
                </PaletteNode>
            </children>
            <className>StaticTextItem</className>
            <icon>staticText.gif</icon>
            <iconSize>18</iconSize>
        </PaletteNode>
    </children>
    <className>DynamicForm</className>
    <icon>DynamicForm.png</icon>
    <showDropIcon>true</showDropIcon>
</PaletteNode>

<PaletteNode>
    <title>&lt;b&gt;SearchForm&lt;/b&gt;</title>
    <className>SearchForm</className>
    <icon>DynamicForm.png</icon>
    <showDropIcon>true</showDropIcon>
</PaletteNode>

<PaletteNode>
    <title>&lt;b&gt;Window&lt;/b&gt;</title>
    <className>Window</className>
    <defaults>
    	<showShadow>false</showShadow>
    </defaults>
    <icon>Window.png</icon>
    <showDropIcon>true</showDropIcon>
</PaletteNode>

<PaletteNode>
    <title>&lt;b&gt;Label&lt;/b&gt;</title>
    <className>Label</className>
    <defaults>
        <contents>Label</contents>
        <styleName>textItem</styleName>
        <height>20</height>
    </defaults>
</PaletteNode>

<PaletteNode>
    <title>&lt;b&gt;HTMLPane&lt;/b&gt;</title>
    <className>HTMLPane</className>
    <icon>HTMLPane.png</icon>
</PaletteNode>

<PaletteNode>
    <title>&lt;b&gt;Img&lt;/b&gt;</title>
    <className>Img</className>
    <defaults>
        <imageType>tile</imageType>
        <src>[SKIN]grid.gif</src>
    </defaults>
</PaletteNode>

<PaletteNode>
    <parentName>0</parentName>
    <title>&lt;b&gt;Context Menu&lt;/b&gt;</title>
    <children>
        <PaletteNode>
            <title>Menu Item</title>
            <className>MenuItem</className>
        </PaletteNode>
    </children>
    <className>Menu</className>
    <showDropIcon>true</showDropIcon>
</PaletteNode>

</PaletteNodes>
