<DataSource
    ID="animals"
	serverType="sql"
	tableName="animals"
    testFileName="/ds/test_data/animals.data.xml"
>
    <fields>
        <field name="commonName"      title="Animal"             type="text"/>
        <field name="scientificName"  title="Scientific Name"    type="text"  primaryKey="true"  required="true"/>
        <field name="lifeSpan"        title="Life Span"          type="integer"/>
        <field name="status"          title="Endangered Status"  type="text">
            <valueMap>
                <value>Threatened</value>
                <value>Endangered</value>
                <value>Not Endangered</value>
                <value>Not currently listed</value>
                <value>May become threatened</value>
                <value>Protected</value>
            </valueMap>
        </field>
        <field name="diet"            title="Diet"               type="text"/>
        <field name="information"     title="Interesting Facts"  type="text"  length="1000"/>
        <field name="picture"         title="Picture"            type="image" detail="true"
               imageURLPrefix="../images/tiles/images/"/>
    </fields>
</DataSource>
