<DataSource
    ID="queuing_userHB"
    serverType="hibernate"
    beanClassName="com.smartgwt.sample.showcase.server.User"
    testFileName="/ds/test_data/queuing_user.data.xml"
>
    <fields>
        <field name="userID" type="sequence" primaryKey="true" canEdit="false" />
        <field name="firstName" type="text" required="true"/>
        <field name="surname" type="text" required="true"/>
        <field name="department" type="text" />
        <field name="email" type="text" required="true">
          <validators>
            <validator type="isUnique"/>
          </validators>
        </field>
    </fields>
    
</DataSource>
 
