<DataSource ID="validationDMI_orderForm" serverType="sql">
    <fields>
        <field name="orderItem" type="sequence" primaryKey="true"/>
        <field name="itemId" foreignKey="StockItem.id"/>
        <field name="quantity" type="integer">
            <validators>
                <validator type="serverCustom">
                    <serverObject lookupStyle="new" className="com.smartgwt.sample.showcase.server.ValidatorDMI"/>
                    <errorMessage>Only $available in stock</errorMessage>
                </validator>
            </validators>
        </field>
        <field name="instructions" type="text"/>
     </fields>
</DataSource>
