<DataSource ID="velocity_orderForm" serverType="sql">
    <fields>
        <field name="orderItem" type="sequence" primaryKey="true"/>
        <field name="itemId" foreignKey="StockItem.id"/>
        <field name="quantity" type="integer">
            <validators>
                <validator type="serverCustom">
                    <serverCondition><![CDATA[
                        $value <= $dataSources.StockItem.fetchById($record.itemId).quantity
                    ]]></serverCondition>
                    <errorMessage>Not enough in stock</errorMessage>
                </validator>
            </validators>
        </field>
        <field name="instructions" type="text"/>
     </fields>
</DataSource>
