<!-- 
This DataSource is the special "DataSource DataSource".  It defines the schema by which other 
XML DataSources are loaded, and it is itself a DataSource.  Because it would be the schema *for
itself*, it has to be written assuming schemaless transform.

In W3C XML Schema this bootstrap problem is solved by using the older DTD schema language to define
the schema for the XML Schema language.  

Also part of this bootstrap are the subobjects of DataSources:
DataSourceField.ds.xml
Validator.ds.xml
-->
<Object ID="DataSource"	Constructor="DataSource" __autoConstruct="DataSource"
        addGlobalId="false">
    <fields>
        <!-- basics -->
	    <ID type="string" required="true" xmlAttribute="true"/>

	    <inheritsFrom type="string" title="Superclass"/>
        <useParentFieldOrder type="boolean"/>
        <useLocalFieldsOnly type="boolean"/>
        <restrictToParentFields type="boolean"/>

        <dataFormat type="string" title="DataFormat" xmlAttribute="true">
            <valueMap iscServer="ISC Java Server" 
                      xml="XML / WSDL Web Service" 
                      json="JSON Web Service"
                      custom="Custom Binding"/>
        </dataFormat>
        <!-- special attribute used by VisualBuilder to suppress autoFetch -->
        <noAutoFetch type="boolean" xmlAttribute="true"/>
        <serverType type="string" title="Server Type" xmlAttribute="true">
            <valueMap sql="ISC Server SQL Connectors" 
                      custom="Custom Server Binding"/>
        </serverType>
        <callbackParam type="string" title="Callback Parameter" xmlAttribute="true"/>
        <requestProperties type="Object"/>

	    <fields type="DataSourceField" multiple="true" propertiesOnly="true" 
                childTagName="field" uniqueProperty="name"/>

	    <addGlobalId type="boolean" title="Add Global ID"/>
        <showPrompt type="boolean"/>

        <!-- we don't currently describe any meaningful values for this
	    <dataSourceVersion type="number" title="DataSource Version"/>
        -->

        <!-- SQL specific -->
	    <dbName type="string" title="Database Name" xmlAttribute="true"/>
	    <tableName type="string" title="Table Name" xmlAttribute="true"/>

        <!-- serverObject definition that applies as a default to all operationBindings -->
        <serverObject type="ServerObject"/>

        <!-- operationBindings for each operation type -->
        <operationBindings multiple="true" type="OperationBinding"/>

        <!-- XML binding specific -->
        <!-- Service Inputs -->
        <serviceNamespace type="string" xmlAttribute="true"/>

        <dataURL type="string" xmlAttribute="true"/>
        <dataProtocol type="string" xmlAttribute="true"/>
        <dataTransport type="string" xmlAttribute="true"/>

        <defaultParams type="Object"/>
        <soapAction type="string"/>
        <jsonPrefix type="string"/>
        <jsonSuffix type="string"/>

        <messageTemplate type="string"/>
        <defaultCriteria type="Object" propertiesOnly="true" visibility="internal"/>
        <tagName type="string" visibility="xmlBinding"/>

        <!-- Service Outputs -->
        <recordXPath type="XPath"/>
        <recordName type="string"/>
        <xmlNamespaces type="Object"/>
        <dropExtraFields type="boolean"/>

        <!-- XML Schema -->
        <schemaNamespace type="string" visibility="internal" xmlAttribute="true"/>
        <mustQualify type="boolean" visibility="internal"/>
        <xsdSimpleContent type="boolean" visibility="internal"/>
        <xsdAnyElement type="boolean" visibility="internal"/>
        <xsdAbstract type="boolean" visibility="internal"/>

        <!-- record titling -->
	    <title type="string" title="Title"/>
	    <titleField type="string" title="Title Field"/>
	    <pluralTitle type="string" title="Plural Title"/>
        
        <!-- prototyping -->
	    <clientOnly type="boolean" title="Client Only" xmlAttribute="true"/>
	    <testFileName type="URL" title="Test File Name" xmlAttribute="true"/>
	    <testData type="Object" multiple="true"/>

        <!-- for declaring inline types -->
	    <types type="DataSourceField" multiple="true" propertiesOnly="true" 
               uniqueProperty="ID" visibility="internal"/>

        <!-- for ordering groups in editing and JSDoc -->
        <groups type="string" multiple="true" visibility="internal"/>

        <!-- action declarations for automatic method routing -->
        <methods type="MethodDeclaration" multiple="true" visibility="internal"/>
        <showSuperClassActions type="boolean"/>
        <createStandalone type="boolean"/>
        
        <useFlatFields type="boolean"/>
        <showLocalFieldsOnly type="boolean" xmlAttribute="true"/>

        <globalNamespaces type="Object"/>
        
        <autoDeriveSchema type="boolean"/>
        <useLocalValidators type="boolean"/>
        <autoDeriveTitles type="boolean"/>
        <qualifyColumnNames type="boolean"/>
        <validateRelatedRecords type="boolean"/>

        <!-- Security -->
        <requiresAuthentication type="boolean"/>
        <requiresRoles type="boolean"/>
        <requires type="string" />
        <!-- Return results in a Javabean instead of a map (SQL DataSources only) -->
        <beanClassName type="string"/>
        
        <autoJoinTransactions type="boolean" />
        
    </fields>
</Object>

