<DataSource	ID="HeaderItem" inheritsFrom="FormItem" Constructor="HeaderItem">
    <fields>
		<field name="required" 			type="boolean" title="Required" inapplicable="true"/>
   		<field name="disabled" 			type="boolean" title="Disable" inapplicable="true"/>
		<field name="redrawOnChange" 	type="boolean" title="Redraw On Change" inapplicable="true"/>
		<field name="validators"		type="Validator"	multiple="true"	title="Validators" inapplicable="true"/>
		<field name="validateOnChange" 	type="boolean" title="Validate On Change" inapplicable="true"/>
 		<field name="title" 			type="string"  title="Title"  inapplicable="true"/>    
		<field name="showTitle"	type="boolean" title="Show Title" inapplicable="true" defaultValue="false"/>
    </fields>
</DataSource>

