<DataSource	ID="Label"	inheritsFrom="Button" Constructor="Label">
	<fields>
        <field name="contents" type="HTML" basic="true"/>	
		<field name="dynamicContents" type="boolean" defaultValue="false"/>
		<field name="align" type="alignEnum" basic="true"/>	
		<field name="valign" type="valignEnum" basic="true"/>
        <field name="autoFit" type="boolean" basic="true"/>
		<field name="padding" type="positiveInteger" />	
		<field name="wrap" type="boolean" basic="true"/>

        <field name="title" inapplicable="true"/>
        <field name="peers" inapplicable="true"/>
		<field name="children" inapplicable="true"/>	
    </fields>
    <groups>
        <group>basics</group>
        <group>contents</group>
        <group>sizing</group>
        <group>appearance</group>
    </groups>
    
    <methods>
        <method name="click" basic="true"/>
    </methods>
</DataSource>
