<DataSource	ID="SpacerItem" inheritsFrom="FormItem" Constructor="SpacerItem">
    <fields>

        <field name="title" 			type="string"  title="Title" inapplicable="true"/>
		<field name="defaultValue"      type="string"  title="Default Value" inapplicable="true"/>
        <field name="defaultDynamicValue" type="expression" title="Default Dynamic Value" inapplicable="true"
            hint="JS expression to evaluate on redraw"
            prompt="JS expression - evaluates to default value"/>
        
		<field name="showTitle"			type="boolean" title="Show Title" inapplicable="true" defaultValue="true" />
        <field name="titleOrientation" 	type="directionEnum" title="Title Orientation" inapplicable="true" 
            prompt="Position item title to the left or right of text"/>
        <field name="titleAlign" 		type="alignEnum" title="Title Alignment" inapplicable="true" />
		<field name="align" 			type="alignEnum" title="Text Alignment" inapplicable="true"/>
        
        <field name="disabled" 			type="boolean" title="Disable" inapplicable="true"/>
		
        <field name="required" 			type="boolean" title="Required" inapplicable="true"/>
		<field name="validators"		type="Validator"	multiple="true"	title="Validators" inapplicable="true"/>
		<field name="validateOnChange" 	type="boolean" title="Validate On Change" inapplicable="true"/>

		<field name="prompt" 			type="HTML"    title="Prompt" inapplicable="true"/>
		<field name="hint" 				type="HTML" title="Hint" inapplicable="true"/>
		<field name="showHint" 			type="boolean" title="Show Hint" inapplicable="true"/>

		<field name="redrawOnChange" 	type="boolean" title="Redraw On Change" inapplicable="true"/>
		<field name="changeOnBlur" 		type="boolean" title="Change On Blur" inapplicable="true"/>


    </fields>
</DataSource>

