<?xml version="1.0" encoding="UTF-8"?>
<project xmlns="http://maven.apache.org/DECORATION/1.0.0"
	xmlns:xsi="http://www.w3.org/2001/XMLSchema-instance"
	xsi:schemaLocation="http://maven.apache.org/DECORATION/1.0.0 http://maven.apache.org/xsd/decoration-1.0.0.xsd">

	<bannerLeft>
		<name>GWT Multipage</name>
		<href>index.html</href>
	</bannerLeft>

	<version position="left" />
	<publishDate position="left" />

	<body>
		<links>
			<item name="Demo" href="http://gwtmultipage.appspot.com/"></item>
			<item name="Google Web Toolkit (GWT)" href="http://code.google.com/webtoolkit/" />
		</links>

		<menu name="Overview">
			<item name="Introduction" href="index.html"></item>
			<item name="Usage" href="usage.html"></item>
			<item name="License" href="license.html" />			
			<item name="Team" href="team-list.html" />
			
			<item name="Issue Tracking" href="issue-tracking.html" />
			<item name="Mailing Lists" href="mail-lists.html" />
			<item name="Source Repository" href="source-repository.html" />
			<item name="Continuous Integration" href="integration.html" />

			<item name="Release Notes" href="release-notes.html"></item>
		</menu>

		<menu name="Documentation">
			<item name="URL Patterns" href="urlpatterns.html"></item>
			<item name="JavaDocs" href="apidocs/index.html" />
			<item name="Test JavaDocs" href="testapidocs/index.html" />
		</menu>

		<menu name="Modules">
			<item name="Core" href="gwtmultipage-core"></item>
			<item name="Sample" href="gwtmultipage-sample"></item>
		</menu>

		<menu name="Project Information">
			<item name="Summary" href="project-summary.html" />
			<item name="Dependencies" href="dependencies.html" />
			<item name="Dependency Management" href="dependency-management.html" />
			<item name="Plugin Management" href="plugin-management.html" />
			<item name="Plugins" href="plugins.html" />
		</menu>
	</body>

</project>